"","parentEven","richness","Shannon","Simpson","samplEff.1","shann_corr","simp_corr","parentEven.y","verbatimLa","verbatimLo","decimalLat","decimalLon","GrupoBiolo","Tipo","Dis_CP","Dis_Oleodu","Dis_Pozo","Dis_Pozact","Dis_Ferroc","Dis_Kale","Dis_Plater","DisBosque","Dis_CobNat","Dis_Cienag","Dis_MGSG","Dis_Dre345","UCSuelo","Cobertura","Tam_Parche","Plataf","Dis_PlatEf","Orden","Dis_ViaPri","Dia_ViaSec"
"1","ANH_4",32,2.82775461,0.88129155,1,2.82775461,0.88129155,"ANH_4","7°20' 22,711"" N","73°52' 51,467"" W",7.33964201087,-73.8809630089,"Unidad Muestral","OE",1063.07581868,3211.08997446,3946.68987838,3952.71818796,885.019400488,3095.24885377,7511.86695197,0,0,413.013443365,2696.93996074,1690.45801277,"PVAa","Zonas Pantanosas",59.1078484049,"Kale",3095.24885377,0,845.708033902,1651.69355321
"2","ANH_4",32,2.82775461,0.88129155,1,2.82775461,0.88129155,"ANH_4","7°20' 20,760"" N","73°52' 53,040"" W",7.33910000024,-73.8814,"Aves","PE",1065.29769661,3276.81757956,3930.61913176,3936.92763336,820.774809617,3172.07291733,7451.7748506,30.3534948127,30.3534948127,441.848995514,2657.56131776,1762.71303108,"PVAa","Zonas Pantanosas",59.1078484049,"Kale",3172.07291733,0,774.053364324,1584.92851849
