"","parentEven","richness","Shannon","Simpson","samplEff.1","shann_corr","simp_corr","parentEven.y","verbatimLa","verbatimLo","decimalLat","decimalLon","GrupoBiolo","Tipo","Dis_CP","Dis_Oleodu","Dis_Pozo","Dis_Pozact","Dis_Ferroc","Dis_Kale","Dis_Plater","DisBosque","Dis_CobNat","Dis_Cienag","Dis_MGSG","Dis_Dre345","UCSuelo","Cobertura","Tam_Parche","Plataf","Dis_PlatEf","Orden","Dis_ViaPri","Dia_ViaSec"
"1","ANH_162",64,3.0012437,0.91081398,1,3.0012437,0.91081398,"ANH_162","7°21' 4,268"" N","73°53' 3,669"" W",7.35118558505,-73.8843525894,"Unidad Muestral","OE",380.734013577,2059.37221066,3033.25174874,3033.25174874,1792.14999899,2654.18837015,8787.33929025,967.927196695,0,0,2087.52943192,962.098670251,"CA","Cienagas",205.75749798,"Kale",2654.18837015,0,1390.35007127,2906.36814743
"2","ANH_162",64,3.0012437,0.91081398,1,3.0012437,0.91081398,"ANH_162","7°21' 6,234"" N","73°53' 5,232"" W",7.35173170024,-73.8847867,"Aves","PE",359.435010352,2022.14648549,2958.08247815,2958.08247815,1798.14665022,2676.30054376,8847.58709405,982.897995536,0,0,2028.36270086,989.22676621,"CA","Cienagas",205.75749798,"Kale",2676.30054376,0,1394.20676897,2968.67438251
